[{"/Applications/IntelliJ IDEA.app/Contents/bin/idea.vmoptions": "ASCII"}, {"/Users/kylin/.ssh/known_hosts": "ASCII"}, {"/Users/kylin/Desktop/gray/request-fail.txt": "UTF-8"}, {"/Users/kylin/tools/m2/repository/com/alipay/ats/4.0/ats-4.0.pom": "ASCII"}, {"/Users/kylin/idea.vmoptions": "ASCII"}, {"/Users/kylin/idea.properties": "ASCII"}, {"/Users/kylin/Documents/03 \u9879\u76ee\u76f8\u5173/04 \u670d\u52a1\u5e02\u573a/01 \u80fd\u529b\u5e02\u573a\u878d\u5165\u670d\u52a1\u5e02\u573a/openitemcore-zsearch.key.asc": "ASCII"}, {"/Users/kylin/Documents/01 \u8682\u8681\u91d1\u670d/06F6F2D0.txt": "ASCII"}, {"/Users/kylin/tools/m2/repository/com/alipay/cifcommon/cifcommon-neardata-uniquery-bom/1.3.6/cifcommon-neardata-uniquery-bom-1.3.6.pom": "ASCII"}, {"/Users/kylin/tools/m2/repository/com/alipay/cifcommon/cifcommon-neardata-uniquery-client/1.1.7/cifcommon-neardata-uniquery-client-1.1.7.pom": "ASCII"}, {"/Users/kylin/.m2/settings.xml": "GB2312"}, {"/Users/kylin/Library/Preferences/IntelliJIdea2018.2/idea.vmoptions": "ASCII"}, {"/Users/kylin/Library/Preferences/IntelliJIdea2017.3/idea.vmoptions": "ASCII"}, {"/Users/kylin/Library/Preferences/IntelliJIdea2017.3/idea.properties": "ASCII"}, {"/Users/kylin/idea/.idea/workspace.xml": "ASCII"}, {"/Users/kylin/idea/.idea/modules.xml": "ASCII"}, {"/Users/kylin/idea/.idea/idea.iml": "ASCII"}, {"/Users/kylin/Documents/02 \u5b66\u4e60\u8d44\u6599/00 \u89c4\u8303/configs/AlipayFormatter-openitemcore.xml": "ASCII"}, {"/Users/kylin/Documents/03 \u9879\u76ee\u76f8\u5173/04 \u5546\u54c1\u5e73\u53f0/oic_item_mapping.json": "UTF-8"}, {"/Users/kylin/Desktop/a2.vm": "GB2312"}, {"/Users/kylin/.sofa/testng-agent/META-INF/MANIFEST.MF": "ASCII"}, {"/Users/kylin/tools/m2/repository/com/alipay/test/acts/testngagent/1.0.1/testngagent-1.0.1/META-INF/MANIFEST.MF": "ASCII"}, {"/Users/kylin/Desktop/testng-agent/META-INF/MANIFEST.MF": "ASCII"}, {"/Users/kylin/tools/m2/repository/com/alipay/test/acts/testngagent/1.0.1/testngagent-1.0.1-sources/com/alipay/test/acts/genHotCodeConfFile.java": "GB2312"}, {"/Users/kylin/tools/m2/repository/com/alipay/test/acts/testngagent/1.0.1/testngagent-1.0.1-sources/com/alipay/test/acts/Main.java": "ASCII"}, {"/Users/kylin/tools/m2/repository/com/alipay/test/acts/testngagent/1.0.1/testngagent-1.0.1-sources/META-INF/MANIFEST.MF": "ASCII"}, {"/Users/kylin/idea/openabmk/app/test/workspace.xml": "ASCII"}, {"/Users/kylin/Downloads/devtools/dalgen_ob_single/templates/table-sqlmap-mapping.vm": "ASCII"}, {"/Users/kylin/Downloads/devtools/dalgen_ob_single/sample/config/beans-dal-dao.vm": "ASCII"}, {"/Users/kylin/Downloads/devtools/dalgen_ob_single/sample/table.txt": "ASCII"}, {"/Users/kylin/Downloads/devtools/dalgen_ob_single/dal-config.xml": "ASCII"}, {"/Users/kylin/Downloads/devtools/dalgen_ob_single/db.properties": "ASCII"}, {"/Users/kylin/Downloads/devtools/dalgen_ob_single/pom.xml": "ASCII"}, {"/Users/kylin/conf/zdal/ALIPAYJSESSIONID-dev-cache.json": "ASCII"}, {"/Users/kylin/tools/apache-tomcat-8.5.33/conf/server.xml": "ASCII"}, {"/Users/kylin/tools/apache-tomcat-7.0.75/conf/server.xml": "ASCII"}, {"/Users/kylin/workspace/alipayDemo_java_DANGMIAN_API/.settings/org.eclipse.wst.common.project.facet.core.xml": "ASCII"}, {"/usr/local/tengine/conf/mime.types": "ASCII"}, {"/usr/local/tengine/conf/alipay_mime.types": "ASCII"}, {"/usr/local/tengine/conf/nginx.conf.default": "ASCII"}, {"/usr/local/tengine/conf/nginx.conf": "ASCII"}, {"/Users/kylin/tools/tengine-2.2.2/auto/lib/openssl/conf": "ASCII"}, {"/Users/kylin/tools/tengine-2.2.2/objs/Makefile": "ASCII"}, {"/Users/kylin/tools/openssl/Makefile": "ASCII"}, {"/Users/kylin/tools/m2/repository/com/alipay/paycore/service/paycore-service-facade-common/2.5.0.20141203/paycore-service-facade-common-2.5.0.20141203.pom": "ASCII"}, {"/Users/kylin/tools/m2/repository/com/alipay/ordercore/ordercore-common-service-fileresource/1.0.0.20161220/ordercore-common-service-fileresource-1.0.0.20161220.pom": "ASCII"}, {"/Users/kylin/tools/m2/repository/com/alipay/opencore/opencore-common-service-facade/1.0.0.20180809/opencore-common-service-facade-1.0.0.20180809.pom": "ASCII"}, {"/Users/kylin/eclipse/jee-neon/Eclipse.app/Contents/Eclipse/eclipse.ini": "ASCII"}, {"/Users/kylin/eclipse/jee-neon/Eclipse.app/Contents/MacOS/eclipse.ini": "ASCII"}, {"/Users/kylin/Documents/02 \u5b66\u4e60\u8d44\u6599/00 \u89c4\u8303/configs/AlipayFormatter.xml": "ASCII"}, {"/Users/kylin/Desktop/mcc.json": "UTF-8"}, {"/Users/kylin/conf/zdal/openhomeTairCache-dev-gz00a-tair.xml": "ASCII"}, {"/Users/kylin/conf/zdal/ALIPAYJSESSIONID-dev-gz00a-tair.xml": "ASCII"}, {"/Users/kylin/idea/openabmk/.gitignore": "ASCII"}, {"/Users/kylin/Desktop/consoleText.txt": "ASCII"}, {"/Applications/IntelliJ IDEA.app/Contents/bin/idea.properties": "ASCII"}, {"/Users/kylin/conf/zdal/openhomeTairCache-dev-gz00b-tair.xml": "ASCII"}, {"/Users/kylin/workspace/openhome/app/biz/pom.xml": "ASCII"}, {"/Users/kylin/.gitignore": "ASCII"}, {"/Users/kylin/workspace/openhome/.gitignore": "ASCII"}, {"/Users/kylin/Documents/03 \u9879\u76ee\u76f8\u5173/01 \u5f00\u653e\u5e73\u53f0/05 \u4eae\u5251\u4e8c\u671f/\u51b2\u7a81/Conflict-\u5feb\u6d88/app/biz/isv/src/main/java/com/alipay/openhome/biz/isv/settling/manager/impl/OrderServiceManagerImpl.java": "GB2312"}, {"/Users/kylin/Documents/03 \u9879\u76ee\u76f8\u5173/01 \u5f00\u653e\u5e73\u53f0/05 \u4eae\u5251\u4e8c\u671f/\u51b2\u7a81/Conflict-\u5feb\u6d88/app/biz/platform/src/main/java/com/alipay/openhome/biz/platform/app/impl/AppQueryManagerImpl.java": "GB2312"}, {"/Users/kylin/Documents/03 \u9879\u76ee\u76f8\u5173/01 \u5f00\u653e\u5e73\u53f0/05 \u4eae\u5251\u4e8c\u671f/\u51b2\u7a81/Conflict-20180130/app/biz/platform/src/main/java/com/alipay/openhome/biz/platform/app/impl/AppQueryManagerImpl.java": "GB2312"}, {"/Users/kylin/Documents/03 \u9879\u76ee\u76f8\u5173/01 \u5f00\u653e\u5e73\u53f0/05 \u4eae\u5251\u4e8c\u671f/\u51b2\u7a81/Conflict-20180130/app/biz/shared/src/main/resources/META-INF/spring/biz-shared-event.xml": "GB2312"}, {"/Users/kylin/Documents/03 \u9879\u76ee\u76f8\u5173/01 \u5f00\u653e\u5e73\u53f0/05 \u4eae\u5251\u4e8c\u671f/\u51b2\u7a81/Conflict-20180130/app/biz/shared/src/main/java/com/alipay/openhome/biz/shared/partner/manager/impl/PartnerManagerImpl.java": "GB2312"}, {"/Users/kylin/Documents/03 \u9879\u76ee\u76f8\u5173/01 \u5f00\u653e\u5e73\u53f0/05 \u4eae\u5251\u4e8c\u671f/\u51b2\u7a81/Conflict-20180130/app/biz/platform/src/main/resources/META-INF/spring/openhome-biz-platform-event.xml": "GB2312"}, {"/Users/kylin/Documents/03 \u9879\u76ee\u76f8\u5173/01 \u5f00\u653e\u5e73\u53f0/05 \u4eae\u5251\u4e8c\u671f/\u51b2\u7a81/Conflict-20180130/app/biz/isv/src/main/java/com/alipay/openhome/biz/isv/settling/manager/impl/OrderQueryServiceManagerImpl.java": "GB2312"}, {"/Users/kylin/Documents/03 \u9879\u76ee\u76f8\u5173/01 \u5f00\u653e\u5e73\u53f0/05 \u4eae\u5251\u4e8c\u671f/\u51b2\u7a81/Conflict-20180130/app/biz/isv/src/main/java/com/alipay/openhome/biz/isv/result/enums/IsvCommonErrorCode.java": "GB2312"}, {"/Users/kylin/Documents/03 \u9879\u76ee\u76f8\u5173/01 \u5f00\u653e\u5e73\u53f0/05 \u4eae\u5251\u4e8c\u671f/\u51b2\u7a81/Conflict-20180130/app/web/platform/src/main/java/com/alipay/openhome/web/platform/app/manage/ajax/AppDetailAjax.java": "GB2312"}, {"/Users/kylin/Documents/03 \u9879\u76ee\u76f8\u5173/01 \u5f00\u653e\u5e73\u53f0/05 \u4eae\u5251\u4e8c\u671f/\u51b2\u7a81/Conflict-20180130/app/web/platform/src/main/java/com/alipay/openhome/web/platform/base/PlatformBaseAjax.java": "GB2312"}, {"/Users/kylin/Documents/03 \u9879\u76ee\u76f8\u5173/01 \u5f00\u653e\u5e73\u53f0/05 \u4eae\u5251\u4e8c\u671f/\u51b2\u7a81/Conflict-20180130/app/web/platform/src/main/java/com/alipay/openhome/web/platform/tinyapp/ajax/TinyAppDetailAjax.java": "GB2312"}, {"/Users/kylin/Documents/03 \u9879\u76ee\u76f8\u5173/01 \u5f00\u653e\u5e73\u53f0/05 \u4eae\u5251\u4e8c\u671f/\u51b2\u7a81/Conflict-20180130/app/web/platform/src/main/java/com/alipay/openhome/web/platform/tinyapp/ajax/TinyAppDetailAjax.java.merge-\u6765\u6e90.r29931": "GB2312"}, {"/Users/kylin/Documents/03 \u9879\u76ee\u76f8\u5173/01 \u5f00\u653e\u5e73\u53f0/05 \u4eae\u5251\u4e8c\u671f/\u51b2\u7a81/Conflict-20180130/app/web/platform/src/main/java/com/alipay/openhome/web/platform/tinyapp/ajax/TinyAppDetailAjax.java.merge-\u5206\u652f": "GB2312"}, {"/Users/kylin/Desktop/\u5bfc\u51fa\u5df2\u7ecf\u7b7e\u7ea6\u8681\u76fe\u98ce\u9669\u8bc4\u5206\u7684\u5e94\u7528_20180120204239849_0.csv": "GBK"}, {"/Users/kylin/logs/sofa/sofa-boot.log": "ASCII"}, {"/Users/kylin/logs/rpc/sofa-registry.log": "GB2312"}, {"/Users/kylin/conf/zdal/openhome-dev-gz00a-ANT02318039-ds.xml": "ASCII"}, {"/Users/kylin/Documents/03 \u9879\u76ee\u76f8\u5173/01 \u5f00\u653e\u5e73\u53f0/05 \u4eae\u5251\u4e8c\u671f/\u51b2\u7a81/Conflict-20180110/app/biz/platform/src/main/java/com/alipay/openhome/biz/platform/app/impl/AppQueryManagerImpl.java": "GB2312"}, {"/Users/kylin/Documents/03 \u9879\u76ee\u76f8\u5173/01 \u5f00\u653e\u5e73\u53f0/05 \u4eae\u5251\u4e8c\u671f/\u51b2\u7a81/Conflict-20180110/app/web/isv/src/main/java/com/alipay/openhome/web/isv/settling/ajax/MerchantBusinessViewAjax.java": "GB2312"}, {"/Users/kylin/Documents/03 \u9879\u76ee\u76f8\u5173/01 \u5f00\u653e\u5e73\u53f0/05 \u4eae\u5251\u4e8c\u671f/\u51b2\u7a81/Conflict-20180110/app/biz/shared/src/main/java/com/alipay/openhome/biz/shared/result/enums/BizCommonErrorCode.java": "GB2312"}, {"/Users/kylin/Documents/03 \u9879\u76ee\u76f8\u5173/01 \u5f00\u653e\u5e73\u53f0/05 \u4eae\u5251\u4e8c\u671f/\u51b2\u7a81/Conflict-20180110/app/biz/isv/src/main/java/com/alipay/openhome/biz/isv/settling/manager/impl/OrderQueryServiceManagerImpl.java": "GB2312"}, {"/Users/kylin/Documents/03 \u9879\u76ee\u76f8\u5173/01 \u5f00\u653e\u5e73\u53f0/05 \u4eae\u5251\u4e8c\u671f/\u51b2\u7a81/Conflict-20180110/app/web/platform/src/main/java/com/alipay/openhome/web/platform/app/manage/ajax/AppDetailAjax.java": "GB2312"}, {"/Users/kylin/Library/Application Support/Sublime Text 3/Packages/User/Preferences.sublime-settings": "ASCII"}, {"/Users/kylin/Documents/03 \u9879\u76ee\u76f8\u5173/01 \u5f00\u653e\u5e73\u53f0/05 \u4eae\u5251\u4e8c\u671f/\u51b2\u7a81/Conflict-20180110/app/web/platform/src/main/java/com/alipay/openhome/web/platform/tinyapp/ajax/TinyAppDetailAjax.java.merge-\u5206\u652f": "GB2312"}, {"/Users/kylin/Documents/03 \u9879\u76ee\u76f8\u5173/01 \u5f00\u653e\u5e73\u53f0/05 \u4eae\u5251\u4e8c\u671f/\u51b2\u7a81/Conflict-20180110/app/web/platform/src/main/java/com/alipay/openhome/web/platform/tinyapp/ajax/TinyAppDetailAjax.java.merge-left.r28884": "GB2312"}, {"/Users/kylin/Documents/03 \u9879\u76ee\u76f8\u5173/01 \u5f00\u653e\u5e73\u53f0/05 \u4eae\u5251\u4e8c\u671f/\u51b2\u7a81/Conflict-20180110/app/web/platform/src/main/java/com/alipay/openhome/web/platform/tinyapp/ajax/TinyAppVersionDetailAjax.java": "GB2312"}, {"/Users/kylin/Documents/03 \u9879\u76ee\u76f8\u5173/01 \u5f00\u653e\u5e73\u53f0/05 \u4eae\u5251\u4e8c\u671f/\u51b2\u7a81/Conflict-20180110/app/web/platform/src/main/java/com/alipay/openhome/web/platform/tinyapp/ajax/TinyAppDetailAjax.java": "GB2312"}, {"/Users/kylin/Documents/03 \u9879\u76ee\u76f8\u5173/01 \u5f00\u653e\u5e73\u53f0/05 \u4eae\u5251\u4e8c\u671f/\u51b2\u7a81/Conflict-20180110/app/web/platform/src/main/java/com/alipay/openhome/web/platform/tinyapp/ajax/TinyAppVersionDetailAjax.java.merge-\u6765\u6e90.r29383": "GB2312"}, {"/Users/kylin/Documents/03 \u9879\u76ee\u76f8\u5173/01 \u5f00\u653e\u5e73\u53f0/05 \u4eae\u5251\u4e8c\u671f/\u51b2\u7a81/Conflict-20180110/app/web/platform/src/main/java/com/alipay/openhome/web/platform/tinyapp/ajax/TinyAppVersionDetailAjax.java.merge-\u5206\u652f": "GB2312"}, {"/Users/kylin/Desktop/Execlog.txt": "GB2312"}, {"/Users/kylin/Desktop/\u6388\u6743\u8ba2\u6b63\u7ed3\u679c-new.txt": "ASCII"}, {"/Users/kylin/Documents/03 \u9879\u76ee\u76f8\u5173/01 \u5f00\u653e\u5e73\u53f0/05 \u4eae\u5251\u4e8c\u671f/\u51b2\u7a81/Conflict-20171222/app/biz/shared/src/main/java/com/alipay/openhome/biz/shared/result/enums/BizCommonErrorCode.java.merge-\u5206\u652f": "GB2312"}, {"/Users/kylin/Documents/03 \u9879\u76ee\u76f8\u5173/01 \u5f00\u653e\u5e73\u53f0/05 \u4eae\u5251\u4e8c\u671f/\u51b2\u7a81/Conflict-20171222/app/biz/shared/src/main/java/com/alipay/openhome/biz/shared/result/enums/BizCommonErrorCode.java": "GB2312"}, {"/Users/kylin/Documents/03 \u9879\u76ee\u76f8\u5173/01 \u5f00\u653e\u5e73\u53f0/05 \u4eae\u5251\u4e8c\u671f/\u51b2\u7a81/Conflict-20171222/app/web/isv/src/main/java/com/alipay/openhome/web/isv/settling/ajax/MerchantBusinessViewAjax.java": "GB2312"}, {"/Users/kylin/Documents/03 \u9879\u76ee\u76f8\u5173/01 \u5f00\u653e\u5e73\u53f0/05 \u4eae\u5251\u4e8c\u671f/\u51b2\u7a81/Conflict-20171222/app/web/isv/src/main/java/com/alipay/openhome/web/isv/settling/ajax/MerchantBusinessViewAjax.java.merge-\u6765\u6e90.r28884": "GB2312"}, {"/Users/kylin/Documents/03 \u9879\u76ee\u76f8\u5173/01 \u5f00\u653e\u5e73\u53f0/05 \u4eae\u5251\u4e8c\u671f/\u51b2\u7a81/Conflict-20171222/app/web/isv/src/main/java/com/alipay/openhome/web/isv/settling/ajax/MerchantBusinessViewAjax.java.merge-\u5206\u652f": "GB2312"}, {"/Users/kylin/Documents/03 \u9879\u76ee\u76f8\u5173/01 \u5f00\u653e\u5e73\u53f0/05 \u4eae\u5251\u4e8c\u671f/\u51b2\u7a81/Conflict-20171222/app/web/isv/src/main/java/com/alipay/openhome/web/isv/settling/base/SettlingBaseAjax.java.merge-left.r28498": "GB2312"}, {"/Users/kylin/Documents/03 \u9879\u76ee\u76f8\u5173/01 \u5f00\u653e\u5e73\u53f0/05 \u4eae\u5251\u4e8c\u671f/\u51b2\u7a81/Conflict-20171222/app/web/isv/src/main/java/com/alipay/openhome/web/isv/settling/base/SettlingBaseAjax.java.merge-\u6765\u6e90.r28884": "GB2312"}, {"/Users/kylin/Documents/03 \u9879\u76ee\u76f8\u5173/01 \u5f00\u653e\u5e73\u53f0/05 \u4eae\u5251\u4e8c\u671f/\u51b2\u7a81/Conflict-20171222/app/web/isv/src/main/java/com/alipay/openhome/web/isv/settling/base/SettlingBaseAjax.java.merge-\u5206\u652f": "GB2312"}]